model_id,hi_tom_600,hi_tom_600_expanded,hi_tom,hi_tom_expanded,tomi,tomi_expanded,explore_tom,explore_tom_expanded,explore_tom2,explore_tom2_expanded
0.5B,0.29333333333333333,0.30333333333333334,0.258,0.262,0.2921254587921255,0.2937937937937938,0.6050656660412758,0.6050656660412758,0.549718574108818,0.549718574108818
1.5B,0.38333333333333336,0.4066666666666667,0.289,0.297,0.5180180180180181,0.5412078745412079,0.5478424015009381,0.5478424015009381,0.4352720450281426,0.4352720450281426
3B,0.37666666666666665,0.39166666666666666,0.327,0.351,0.4671338004671338,0.47781114447781114,0.47373358348968103,0.47373358348968103,0.4981238273921201,0.4981238273921201
7B,0.46,0.5216666666666666,0.367,0.398,0.5413747080413747,0.5465465465465466,0.5938086303939962,0.5938086303939962,0.4540337711069418,0.4540337711069418
7B-1M,0.36333333333333334,0.4066666666666667,0.257,0.295,0.541041041041041,0.5485485485485485,0.37335834896810505,0.37335834896810505,0.4146341463414634,0.4146341463414634
gpt-4o-mini-2024-07-18,0.585,0.585,0.432,0.432,0.706373039706373,0.706373039706373,0.6932457786116323,0.6932457786116323,N/A,N/A
