model_id,hi_tom_600,hi_tom,tomi,explore_tom,explore_tom2
0.5B,0.29333333333333333,0.258,0.2921254587921255,0.6050656660412758,
1.5B,0.38333333333333336,0.289,0.5180180180180181,0.5478424015009381,
3B,0.37666666666666665,0.327,0.4671338004671338,0.47373358348968103,
7B,0.46,0.367,0.5413747080413747,0.5938086303939962,
7B-1M,0.36333333333333334,0.257,0.541041041041041,0.37335834896810505,
