Metric,Train,Test
Count,10647.0,2662.0
Min,262.0,271.0
Max,764.0,755.0
Mean,463.4855827932751,464.7817430503381
Median,456.0,458.0
Std Dev,86.59810970341032,88.32256849442068
Percentile 25%,398.0,400.0
Percentile 50%,456.0,458.0
Percentile 75%,517.0,520.0
Percentile 90%,587.0,587.0
Percentile 95%,625.0,634.0
Percentile 99%,686.0,697.0
